customer_id,segment,region,base_load_kwh,temperature_sensitivity,weekend_factor,active_from,active_to
CUST0001,Commercial,MIDLANDS,107.77,-0.304,0.878,2024-01-01,
CUST0002,Industrial,SOUTH,108.07,-1.045,0.568,2024-01-01,
CUST0003,Commercial,MIDLANDS,66.11,-0.584,0.553,2024-01-01,
CUST0004,Commercial,SCOTLAND,43.38,-0.609,0.576,2024-01-01,
CUST0005,SME,SCOTLAND,94.47,-0.214,0.853,2024-01-01,
CUST0006,Public,MIDLANDS,82.11,-0.668,0.951,2024-01-01,2025-02-17
CUST0007,Commercial,SCOTLAND,49.85,-0.757,0.669,2024-01-01,
CUST0008,Commercial,SOUTH,18.58,-0.465,0.975,2024-01-01,
CUST0009,SME,SCOTLAND,91.64,-0.894,0.579,2024-01-01,
CUST0010,Industrial,MIDLANDS,37.4,-1.039,0.95,2024-01-01,
CUST0011,SME,MIDLANDS,112.92,-0.65,1.014,2024-01-01,
CUST0012,Public,SOUTH,34.99,-0.721,0.936,2024-01-01,
CUST0013,Commercial,MIDLANDS,21.75,-0.933,0.899,2024-01-01,
CUST0014,Commercial,NORTH,101.08,-0.777,0.969,2024-01-01,
CUST0015,Industrial,SCOTLAND,25.17,-0.779,0.57,2024-01-01,
CUST0016,SME,MIDLANDS,28.08,-0.823,0.651,2024-01-01,
CUST0017,Industrial,SCOTLAND,75.13,-0.764,0.612,2024-01-01,
CUST0018,SME,MIDLANDS,105.95,-0.411,0.802,2024-01-01,2025-02-18
CUST0019,Commercial,MIDLANDS,30.0,-0.859,0.923,2024-01-01,
CUST0020,Commercial,SOUTH,42.76,-0.109,0.865,2024-01-01,
CUST0021,Commercial,SCOTLAND,95.07,-0.146,0.976,2024-01-01,2025-02-05
CUST0022,SME,MIDLANDS,116.84,-0.647,0.628,2024-01-01,
CUST0023,Public,NORTH,64.08,-0.822,0.917,2024-01-01,
CUST0024,Public,WALES,24.12,-0.584,0.647,2025-01-10,
CUST0025,Commercial,WALES,9.56,-0.224,0.685,2024-01-01,
CUST0026,SME,SOUTH,33.72,-0.45,0.905,2024-01-01,
CUST0027,Industrial,SOUTH,22.76,-0.275,1.04,2024-01-01,
CUST0028,SME,NORTH,83.9,-0.587,0.856,2024-01-01,
CUST0029,SME,SCOTLAND,21.65,-0.472,0.577,2024-01-01,2025-03-01
CUST0030,Commercial,SOUTH,64.71,-0.869,0.858,2024-01-01,
CUST0031,Commercial,NORTH,85.76,-0.355,0.571,2024-01-01,
CUST0032,Public,MIDLANDS,73.09,-0.967,0.992,2024-01-01,
CUST0033,SME,MIDLANDS,30.37,-0.401,0.905,2024-01-01,
CUST0034,SME,WALES,98.06,-0.21,0.637,2024-01-01,
CUST0035,Industrial,SOUTH,88.13,-1.048,0.596,2024-01-01,2025-03-19
CUST0036,SME,SOUTH,90.77,-0.493,0.642,2024-01-01,
CUST0037,SME,SOUTH,22.68,-1.091,1.04,2024-01-01,
CUST0038,Industrial,SCOTLAND,21.86,-0.365,0.779,2024-01-01,
CUST0039,SME,MIDLANDS,111.89,-1.103,0.942,2024-01-01,
CUST0040,Commercial,MIDLANDS,52.53,-0.124,0.868,2024-01-01,
CUST0041,Industrial,NORTH,41.71,-1.042,0.836,2024-01-01,
CUST0042,Commercial,SOUTH,62.72,-0.097,0.623,2024-01-01,
CUST0043,Commercial,SCOTLAND,82.24,-0.279,1.023,2024-01-01,
CUST0044,SME,SOUTH,115.03,-0.517,0.701,2024-01-01,
CUST0045,Commercial,SOUTH,40.08,-0.3,0.839,2024-01-01,
CUST0046,Commercial,WALES,111.58,-0.286,0.9,2024-01-01,
CUST0047,Industrial,MIDLANDS,10.78,-0.112,0.875,2024-01-01,
CUST0048,SME,SOUTH,70.18,-0.909,1.02,2024-01-01,
CUST0049,Commercial,SOUTH,79.01,-0.521,0.624,2024-01-01,
CUST0050,SME,SOUTH,19.86,-1.091,0.804,2024-01-01,
CUST0051,SME,WALES,23.72,-0.491,0.752,2024-01-01,
CUST0052,SME,NORTH,54.94,-1.003,0.787,2024-01-01,
CUST0053,Commercial,WALES,116.22,-0.55,0.61,2024-01-01,
CUST0054,Commercial,NORTH,74.76,-0.542,0.617,2024-01-01,
CUST0055,Commercial,SOUTH,112.5,-0.664,0.689,2024-01-01,
CUST0056,Commercial,SOUTH,98.09,-0.599,0.702,2024-01-01,
CUST0057,Industrial,WALES,60.35,-0.321,0.764,2024-01-01,
CUST0058,Commercial,SOUTH,95.89,-0.281,0.855,2024-01-01,
CUST0059,SME,NORTH,10.0,-0.634,0.867,2024-01-01,
CUST0060,SME,MIDLANDS,20.22,-0.51,0.756,2024-01-01,
CUST0061,Commercial,NORTH,100.9,-0.129,0.754,2024-01-01,
CUST0062,Industrial,WALES,97.24,-1.062,0.659,2024-01-01,
CUST0063,Commercial,MIDLANDS,34.06,-1.065,0.844,2024-01-01,
CUST0064,Commercial,WALES,67.45,-1.099,0.709,2024-01-01,
CUST0065,Commercial,SOUTH,75.87,-0.443,0.568,2025-01-29,
CUST0066,Industrial,MIDLANDS,105.19,-0.719,0.759,2024-01-01,
CUST0067,Industrial,NORTH,75.55,-0.31,0.787,2024-01-01,
CUST0068,SME,SOUTH,54.21,-0.428,0.663,2024-01-01,
CUST0069,SME,NORTH,49.91,-0.816,0.836,2024-01-01,
CUST0070,Industrial,MIDLANDS,55.7,-0.167,0.833,2024-01-01,
CUST0071,SME,SCOTLAND,81.02,-0.323,0.901,2024-01-01,
CUST0072,Industrial,SCOTLAND,105.16,-0.889,0.874,2024-01-01,
CUST0073,Commercial,MIDLANDS,58.84,-0.781,0.876,2024-01-01,
CUST0074,SME,NORTH,35.76,-0.838,0.708,2024-01-01,
CUST0075,SME,NORTH,34.51,-1.019,0.944,2024-01-01,
CUST0076,SME,SCOTLAND,91.55,-1.03,0.825,2024-01-01,2025-03-19
CUST0077,SME,SCOTLAND,99.46,-0.123,0.766,2024-01-01,
CUST0078,Commercial,SCOTLAND,19.79,-0.696,0.863,2024-01-01,
CUST0079,Industrial,WALES,15.45,-0.759,0.73,2024-01-01,
CUST0080,Commercial,SCOTLAND,74.58,-0.361,0.806,2024-01-01,
CUST0081,Commercial,NORTH,24.37,-0.564,0.918,2024-01-01,
CUST0082,Industrial,MIDLANDS,100.36,-0.123,0.993,2024-01-01,
CUST0083,Commercial,SCOTLAND,42.76,-0.303,1.011,2024-01-01,
CUST0084,SME,WALES,24.11,-0.649,0.802,2024-01-01,
CUST0085,SME,WALES,111.15,-0.767,0.81,2024-01-01,
CUST0086,SME,NORTH,26.54,-0.065,0.95,2024-01-01,
CUST0087,Commercial,NORTH,39.89,-0.375,0.707,2024-01-01,
CUST0088,Industrial,MIDLANDS,25.2,-0.106,0.969,2024-01-01,
CUST0089,SME,MIDLANDS,20.93,-1.064,0.797,2024-01-01,
CUST0090,Industrial,SOUTH,10.37,-0.222,0.608,2024-01-01,
CUST0091,SME,SOUTH,14.2,-0.467,0.586,2024-01-01,
CUST0092,Commercial,NORTH,27.56,-1.06,0.971,2024-01-01,
CUST0093,Industrial,NORTH,13.98,-0.524,0.578,2024-01-01,
CUST0094,Industrial,WALES,74.21,-0.411,0.69,2024-01-01,
CUST0095,SME,SOUTH,84.24,-1.186,0.717,2024-01-01,
CUST0096,Commercial,WALES,52.09,-0.678,0.636,2025-02-16,
CUST0097,SME,WALES,43.62,-0.251,0.707,2024-01-01,
CUST0098,SME,NORTH,64.51,-0.86,0.921,2024-01-01,
CUST0099,SME,NORTH,106.0,-0.673,0.557,2024-01-01,
CUST0100,Public,WALES,103.33,-0.691,0.964,2025-02-20,
CUST0101,Public,SCOTLAND,12.87,-0.853,0.978,2024-01-01,
CUST0102,Commercial,NORTH,28.33,-0.144,0.736,2024-01-01,
CUST0103,SME,SCOTLAND,34.52,-0.302,0.627,2024-01-01,
CUST0104,Public,SOUTH,35.93,-1.073,0.85,2024-01-01,
CUST0105,Commercial,WALES,71.98,-0.053,0.61,2025-01-29,
CUST0106,Commercial,NORTH,54.62,-0.189,0.732,2024-01-01,
CUST0107,Industrial,WALES,13.52,-0.874,1.029,2024-01-01,2025-03-13
CUST0108,SME,WALES,49.84,-0.238,1.048,2024-01-01,
CUST0109,SME,MIDLANDS,66.66,-1.078,0.936,2024-01-01,
CUST0110,Public,MIDLANDS,19.39,-0.051,0.705,2024-01-01,
CUST0111,Industrial,SOUTH,101.35,-0.434,0.894,2025-01-27,
CUST0112,SME,MIDLANDS,13.82,-0.452,0.903,2024-01-01,2025-02-09
CUST0113,SME,NORTH,111.58,-1.096,0.744,2025-02-12,
CUST0114,Commercial,SOUTH,19.1,-0.168,0.87,2024-01-01,
CUST0115,SME,WALES,102.48,-1.167,0.555,2024-01-01,
CUST0116,Commercial,WALES,109.1,-0.923,0.655,2024-01-01,
CUST0117,Commercial,MIDLANDS,117.71,-1.036,0.813,2024-01-01,
CUST0118,Commercial,WALES,97.83,-0.307,0.632,2024-01-01,
CUST0119,Industrial,MIDLANDS,95.3,-0.972,0.633,2025-01-08,
CUST0120,Commercial,SCOTLAND,79.96,-0.153,0.968,2024-01-01,
