timestamp,forecast_consumption_kwh,temperature_c,active_customer_count
2025-04-01 00:00:00,4809.015434917177,10.21,112
2025-04-01 00:30:00,4716.670712782279,10.466,112
2025-04-01 01:00:00,4690.8068159571685,9.831999999999999,112
2025-04-01 01:30:00,4685.483521984945,10.044,112
2025-04-01 02:00:00,4722.278415537392,9.379999999999999,112
2025-04-01 02:30:00,4719.597345272274,10.662,112
2025-04-01 03:00:00,4914.5968761772365,7.496,112
2025-04-01 03:30:00,4949.706375458174,8.558,112
2025-04-01 04:00:00,5008.987333066814,8.972,112
2025-04-01 04:30:00,5089.647571954885,7.2700000000000005,112
2025-04-01 05:00:00,5300.677539204504,6.8420000000000005,112
2025-04-01 05:30:00,5564.320570335654,7.031999999999999,112
2025-04-01 06:00:00,5856.978613410245,6.82,112
2025-04-01 06:30:00,6183.967762921202,6.57,112
2025-04-01 07:00:00,6487.3276552280295,8.534,112
2025-04-01 07:30:00,6891.031589309792,6.45,112
2025-04-01 08:00:00,7177.057291415844,6.67,112
2025-04-01 08:30:00,7567.862951949533,5.436,112
2025-04-01 09:00:00,7687.4695605652,6.34,112
2025-04-01 09:30:00,7642.433675498492,6.965999999999999,112
2025-04-01 10:00:00,7532.453765345637,5.9479999999999995,112
2025-04-01 10:30:00,7343.122915828233,6.3420000000000005,112
2025-04-01 11:00:00,7021.5451579738565,7.146000000000001,112
2025-04-01 11:30:00,6714.465098910559,5.651999999999999,112
2025-04-01 12:00:00,6530.988579914321,5.6819999999999995,112
2025-04-01 12:30:00,6295.281278313514,7.781999999999999,112
2025-04-01 13:00:00,6062.096314424583,8.732,112
2025-04-01 13:30:00,5998.559425427322,9.248,112
2025-04-01 14:00:00,6175.449265484493,7.359999999999999,112
2025-04-01 14:30:00,6247.657213454551,9.184000000000001,112
2025-04-01 15:00:00,6312.156448001037,9.748000000000001,112
2025-04-01 15:30:00,6540.382727464987,8.106,112
2025-04-01 16:00:00,6684.075703828312,8.244,112
2025-04-01 16:30:00,6774.220196876189,9.486,112
2025-04-01 17:00:00,6735.483132139227,9.406,112
2025-04-01 17:30:00,6685.083909944646,10.272,112
2025-04-01 18:00:00,6636.510787197385,10.538,112
2025-04-01 18:30:00,6455.854927373162,9.446000000000002,112
2025-04-01 19:00:00,6323.624214050113,9.966,112
2025-04-01 19:30:00,6092.65532466556,10.828,112
2025-04-01 20:00:00,5887.8117070796725,11.382,112
2025-04-01 20:30:00,5616.051705552194,11.282,112
2025-04-01 21:00:00,5437.958812969655,11.39,112
2025-04-01 21:30:00,5291.020796729716,9.658,112
2025-04-01 22:00:00,5031.343402669092,11.67,112
2025-04-01 22:30:00,4983.027624694272,10.02,112
2025-04-01 23:00:00,4891.362187717681,10.39,112
2025-04-01 23:30:00,4860.983563766344,9.178,112
2025-04-02 00:00:00,4742.177450731877,9.85,112
2025-04-02 00:30:00,4800.545157647663,8.242,112
2025-04-02 01:00:00,4741.097703908075,9.372,112
2025-04-02 01:30:00,4772.139056712924,8.492,112
2025-04-02 02:00:00,4800.260708354717,8.129999999999999,112
2025-04-02 02:30:00,4865.313970116435,6.892,112
2025-04-02 03:00:00,4893.474385103549,9.266,112
2025-04-02 03:30:00,4930.146019740772,9.148,112
2025-04-02 04:00:00,5068.724855619528,7.294,112
2025-04-02 04:30:00,5197.170395314732,6.688,112
2025-04-02 05:00:00,5365.808865310568,7.742,112
2025-04-02 05:30:00,5509.199199719798,7.388,112
2025-04-02 06:00:00,5812.565224675034,5.86,112
2025-04-02 06:30:00,6121.514441668285,7.075999999999999,112
2025-04-02 07:00:00,6510.278173645782,8.426,112
2025-04-02 07:30:00,6908.4231470966515,7.2,112
2025-04-02 08:00:00,7206.9705177987125,6.232,112
2025-04-02 08:30:00,7490.725704415721,5.644,112
2025-04-02 09:00:00,7598.666558336725,7.2219999999999995,112
2025-04-02 09:30:00,7627.563053298027,7.4959999999999996,112
2025-04-02 10:00:00,7562.533109581758,6.392,112
2025-04-02 10:30:00,7323.657393223015,7.246,112
2025-04-02 11:00:00,7055.3540260735645,6.595999999999999,112
2025-04-02 11:30:00,6776.031225910136,7.2299999999999995,112
2025-04-02 12:00:00,6431.098064223295,8.065999999999999,112
2025-04-02 12:30:00,6249.585742124518,7.3340000000000005,112
2025-04-02 13:00:00,6142.083863813681,7.556,112
2025-04-02 13:30:00,6038.910867248467,8.422,112
2025-04-02 14:00:00,6104.689240323658,9.693999999999999,112
2025-04-02 14:30:00,6249.333998664884,7.1819999999999995,112
2025-04-02 15:00:00,6367.816139442468,7.56,112
2025-04-02 15:30:00,6552.011801283801,8.302,112
2025-04-02 16:00:00,6615.909100600142,9.437999999999999,112
2025-04-02 16:30:00,6733.39424045116,10.304,112
2025-04-02 17:00:00,6793.211734518834,9.053999999999998,112
2025-04-02 17:30:00,6721.11738919601,10.328,112
2025-04-02 18:00:00,6563.688617767251,11.472,112
2025-04-02 18:30:00,6485.9311429185855,10.392,112
2025-04-02 19:00:00,6289.156128714763,10.748000000000001,112
2025-04-02 19:30:00,6142.154037067685,9.926,112
2025-04-02 20:00:00,5826.783212495078,10.732000000000001,112
2025-04-02 20:30:00,5816.761672587789,10.922,112
2025-04-02 21:00:00,5475.905131764877,10.936,112
2025-04-02 21:30:00,5265.816971419417,10.266,112
2025-04-02 22:00:00,5063.733461490847,10.690000000000001,112
2025-04-02 22:30:00,4916.240158367373,10.306000000000001,112
2025-04-02 23:00:00,4888.866290722899,10.078,112
2025-04-02 23:30:00,4830.459572369013,10.094,112
2025-04-03 00:00:00,4629.671789894697,10.442,112
2025-04-03 00:30:00,4682.755056397749,9.338,112
2025-04-03 01:00:00,4677.020365477614,9.498,112
2025-04-03 01:30:00,4684.9483880790685,9.959999999999999,112
2025-04-03 02:00:00,4812.293885082727,8.687999999999999,112
2025-04-03 02:30:00,4837.14384373527,9.581999999999999,112
2025-04-03 03:00:00,4883.143778900296,7.578,112
2025-04-03 03:30:00,4928.361559341278,8.262,112
2025-04-03 04:00:00,5090.9411052884425,7.547999999999999,112
2025-04-03 04:30:00,5251.5462934121515,5.91,112
2025-04-03 05:00:00,5387.732788131816,5.822,112
2025-04-03 05:30:00,5571.7907184493215,6.766,112
2025-04-03 06:00:00,5892.69494613335,6.024,112
2025-04-03 06:30:00,6142.456272637051,7.066,112
2025-04-03 07:00:00,6507.35369472512,6.678,112
2025-04-03 07:30:00,6866.83451413713,6.5760000000000005,112
2025-04-03 08:00:00,7145.5662660968555,7.954000000000001,112
2025-04-03 08:30:00,7434.3446966864485,7.13,112
2025-04-03 09:00:00,7576.947499393365,7.31,112
2025-04-03 09:30:00,7601.474130401084,6.984,112
2025-04-03 10:00:00,7413.729324700425,8.496,112
2025-04-03 10:30:00,7275.002883232721,5.32,112
2025-04-03 11:00:00,7306.154232657409,7.215999999999999,112
2025-04-03 11:30:00,6753.6943602222145,7.924000000000001,112
2025-04-03 12:00:00,6426.991424573662,8.318000000000001,112
2025-04-03 12:30:00,6261.194834051721,7.022,112
2025-04-03 13:00:00,6103.071636814495,7.564,112
2025-04-03 13:30:00,6086.89234203621,6.938,112
2025-04-03 14:00:00,6080.597544227348,9.526,112
2025-04-03 14:30:00,6258.732687362504,9.118,112
2025-04-03 15:00:00,6338.323715860661,9.334,112
2025-04-03 15:30:00,6507.983952831464,9.534,112
2025-04-03 16:00:00,6539.070702045308,10.18,112
2025-04-03 16:30:00,6671.298600533437,8.686,112
2025-04-03 17:00:00,6671.690157872605,11.23,112
2025-04-03 17:30:00,6631.481761099927,10.618,112
2025-04-03 18:00:00,6642.520155017204,9.788,112
2025-04-03 18:30:00,6508.182950944549,9.684000000000001,112
2025-04-03 19:00:00,6364.399250413928,10.574000000000002,112
2025-04-03 19:30:00,6112.960254946063,10.298,112
2025-04-03 20:00:00,5878.873959541033,9.412,112
2025-04-03 20:30:00,5696.643589565849,9.693999999999999,112
2025-04-03 21:00:00,5475.172453875801,9.68,112
2025-04-03 21:30:00,5245.287903443359,10.272,112
2025-04-03 22:00:00,5080.100184783996,9.925999999999998,112
2025-04-03 22:30:00,4897.987995224692,10.128,112
2025-04-03 23:00:00,4912.636946704122,10.676,112
2025-04-03 23:30:00,4750.429447912136,11.22,112
2025-04-04 00:00:00,4723.95032521901,9.562000000000001,112
2025-04-04 00:30:00,4675.032362073322,10.014,112
2025-04-04 01:00:00,4684.9026467412605,8.99,112
2025-04-04 01:30:00,4783.813773501708,8.581999999999999,112
2025-04-04 02:00:00,4841.903977966913,7.884,112
2025-04-04 02:30:00,4786.015993817891,8.826,112
2025-04-04 03:00:00,4819.444536578743,9.548,112
2025-04-04 03:30:00,4964.875266758923,6.68,112
2025-04-04 04:00:00,5035.025573163137,8.144,112
2025-04-04 04:30:00,5082.137332858969,8.362,112
2025-04-04 05:00:00,5287.532046861095,7.0200000000000005,112
2025-04-04 05:30:00,5497.923209658087,7.358,112
2025-04-04 06:00:00,5852.663659904971,7.508,112
2025-04-04 06:30:00,6130.414450363842,7.312,112
2025-04-04 07:00:00,6534.843449881257,5.758000000000001,112
2025-04-04 07:30:00,6957.700380403172,6.236,112
2025-04-04 08:00:00,7271.881729995253,6.3340000000000005,112
2025-04-04 08:30:00,7455.130873951392,7.086,112
2025-04-04 09:00:00,7596.218117807382,6.843999999999999,112
2025-04-04 09:30:00,7557.253163946885,8.408,112
2025-04-04 10:00:00,7467.018720421494,6.648000000000001,112
2025-04-04 10:30:00,7290.447214155822,7.122,112
2025-04-04 11:00:00,6999.502815689357,6.116,112
2025-04-04 11:30:00,6744.434052603556,7.12,112
2025-04-04 12:00:00,6429.186771737319,7.938,112
2025-04-04 12:30:00,6261.712006541113,6.898000000000001,112
2025-04-04 13:00:00,6058.195766977871,8.562000000000001,112
2025-04-04 13:30:00,5969.137041621314,9.536,112
2025-04-04 14:00:00,6070.308635832867,9.07,112
2025-04-04 14:30:00,6192.359996318864,8.956,112
2025-04-04 15:00:00,6297.955673101476,9.234,112
2025-04-04 15:30:00,6400.782895607506,9.584,112
2025-04-04 16:00:00,6569.356987370453,9.372,112
2025-04-04 16:30:00,6658.769266665611,9.746,112
2025-04-04 17:00:00,6703.466194588496,10.632,112
2025-04-04 17:30:00,6670.287039579731,10.67,112
2025-04-04 18:00:00,6546.135954802783,10.941999999999998,112
2025-04-04 18:30:00,6445.287134392993,9.638,112
2025-04-04 19:00:00,6240.623307028449,9.846,112
2025-04-04 19:30:00,6069.811705178587,11.373999999999999,112
2025-04-04 20:00:00,5797.942538306133,10.382,112
2025-04-04 20:30:00,5593.781469171576,9.696,112
2025-04-04 21:00:00,5476.56975725492,9.23,112
2025-04-04 21:30:00,5257.6845754426995,10.768,112
2025-04-04 22:00:00,5047.86128303148,10.674,112
2025-04-04 22:30:00,4947.790273695902,9.75,112
2025-04-04 23:00:00,4875.740952675747,10.542,112
2025-04-04 23:30:00,4800.0014320465725,10.162,112
2025-04-05 00:00:00,3996.7290998846474,9.154,112
2025-04-05 00:30:00,3598.472453937369,10.28,112
2025-04-05 01:00:00,3579.984581808817,8.674000000000001,112
2025-04-05 01:30:00,3579.860209915644,9.68,112
2025-04-05 02:00:00,3584.5264824649503,8.908,112
2025-04-05 02:30:00,3642.438290614118,8.712,112
2025-04-05 03:00:00,3742.189737641327,7.5600000000000005,112
2025-04-05 03:30:00,3659.761559895698,8.972,112
2025-04-05 04:00:00,3776.5922150494516,7.766,112
2025-04-05 04:30:00,3969.613949635932,7.678,112
2025-04-05 05:00:00,4059.43384630161,7.698,112
2025-04-05 05:30:00,4164.6897350148465,8.516,112
2025-04-05 06:00:00,4432.171079576996,7.934,112
2025-04-05 06:30:00,4689.447898911059,7.7780000000000005,112
2025-04-05 07:00:00,4973.736220407016,8.638,112
2025-04-05 07:30:00,5352.20623673865,6.692,112
2025-04-05 08:00:00,5654.497628022313,7.0920000000000005,112
2025-04-05 08:30:00,5875.723208567462,5.586,112
2025-04-05 09:00:00,5968.503820861941,6.63,112
2025-04-05 09:30:00,5964.764672380008,4.922,112
2025-04-05 10:00:00,5894.333588118519,6.596000000000001,112
2025-04-05 10:30:00,5673.097027590675,7.298,112
2025-04-05 11:00:00,5512.419686721518,7.186,112
2025-04-05 11:30:00,5233.255490236226,8.092,112
2025-04-05 12:00:00,5053.435529285338,7.225999999999999,112
2025-04-05 12:30:00,4913.148868346681,7.353999999999999,112
2025-04-05 13:00:00,4758.016647521996,7.858,112
2025-04-05 13:30:00,4714.067869978642,8.656,112
2025-04-05 14:00:00,4721.442887293293,8.975999999999999,112
2025-04-05 14:30:00,4862.467886474415,8.379999999999999,112
2025-04-05 15:00:00,4885.376308985242,9.120000000000001,112
2025-04-05 15:30:00,5032.003518292309,9.406,112
2025-04-05 16:00:00,5084.055900494139,10.309999999999999,112
2025-04-05 16:30:00,5204.232644444142,8.124,112
2025-04-05 17:00:00,5265.2509052885725,10.18,112
2025-04-05 17:30:00,5233.955809680707,11.1,112
2025-04-05 18:00:00,5132.258851886323,11.7,112
2025-04-05 18:30:00,4990.370121814125,11.254000000000001,112
2025-04-05 19:00:00,4902.23978704014,10.744,112
2025-04-05 19:30:00,4742.333978175184,9.972,112
2025-04-05 20:00:00,4590.8376445314825,9.872,112
2025-04-05 20:30:00,4388.956147104507,10.724,112
2025-04-05 21:00:00,4249.833017932087,10.59,112
2025-04-05 21:30:00,4070.0670192555626,11.425999999999998,112
2025-04-05 22:00:00,3877.065589721762,11.584,112
2025-04-05 22:30:00,3845.2103760276204,10.212,112
2025-04-05 23:00:00,3828.9117440980226,9.98,112
2025-04-05 23:30:00,3793.7971869076573,10.222,112
2025-04-06 00:00:00,3561.2886942708164,10.568000000000001,112
2025-04-06 00:30:00,3453.787075181486,11.544,112
2025-04-06 01:00:00,3627.130231502817,7.409999999999999,112
2025-04-06 01:30:00,3612.3026693631946,8.426,112
2025-04-06 02:00:00,3655.613305902676,8.918000000000001,112
2025-04-06 02:30:00,3614.0658394883785,9.07,112
2025-04-06 03:00:00,3641.1732394319642,8.738,112
2025-04-06 03:30:00,3747.1972703881875,7.57,112
2025-04-06 04:00:00,3847.376410345956,8.22,112
2025-04-06 04:30:00,3958.4389001309937,6.248,112
2025-04-06 05:00:00,4048.8447342746385,8.620000000000001,112
2025-04-06 05:30:00,4295.602588399681,7.087999999999999,112
2025-04-06 06:00:00,4469.702134562518,7.194,112
2025-04-06 06:30:00,4748.9866461201345,7.176,112
2025-04-06 07:00:00,5031.547438564468,6.790000000000001,112
2025-04-06 07:30:00,5304.407479619296,6.909999999999999,112
2025-04-06 08:00:00,5636.509342339479,6.484,112
2025-04-06 08:30:00,5792.371317340039,6.578,112
2025-04-06 09:00:00,5844.264891956162,7.432,112
2025-04-06 09:30:00,5892.766337470872,6.296,112
2025-04-06 10:00:00,5774.714112472895,6.58,112
2025-04-06 10:30:00,5664.700133755623,6.5280000000000005,112
2025-04-06 11:00:00,5442.33569326141,6.672,112
2025-04-06 11:30:00,5215.291217640883,5.988,112
2025-04-06 12:00:00,4963.5610247210425,7.403999999999999,112
2025-04-06 12:30:00,4759.459736548984,8.636,112
2025-04-06 13:00:00,4671.354496340788,7.956,112
2025-04-06 13:30:00,4613.872805154129,9.116,112
2025-04-06 14:00:00,4644.734873261514,8.678,112
2025-04-06 14:30:00,4762.311750473626,8.692,112
2025-04-06 15:00:00,4947.63688504281,7.3759999999999994,112
2025-04-06 15:30:00,5029.581782650899,8.956,112
2025-04-06 16:00:00,5008.847823114713,11.168000000000001,112
2025-04-06 16:30:00,5099.7627330624255,9.386,112
2025-04-06 17:00:00,5124.202509373952,9.662,112
2025-04-06 17:30:00,5143.639099197597,9.714,112
2025-04-06 18:00:00,5073.940154266429,10.392,112
2025-04-06 18:30:00,4895.802198979765,11.588,112
2025-04-06 19:00:00,4769.100319526035,10.23,112
2025-04-06 19:30:00,4549.420231903019,10.858,112
2025-04-06 20:00:00,4439.79765869388,10.712,112
2025-04-06 20:30:00,4343.983951899483,10.168,112
2025-04-06 21:00:00,4115.629920218806,10.968,112
2025-04-06 21:30:00,3982.392393187427,9.848,112
2025-04-06 22:00:00,3892.7895375642,9.425999999999998,112
2025-04-06 22:30:00,3821.0645222997464,10.204,112
2025-04-06 23:00:00,3749.102591831719,9.08,112
2025-04-06 23:30:00,3694.050579405459,10.02,112
2025-04-07 00:00:00,4446.824969914791,8.994,112
2025-04-07 00:30:00,4713.011375570195,8.686000000000002,112
2025-04-07 01:00:00,4870.909165169749,7.536,112
2025-04-07 01:30:00,4769.111518043055,10.639999999999999,112
2025-04-07 02:00:00,4791.551354732812,9.112,112
2025-04-07 02:30:00,4839.687770435827,8.815999999999999,112
2025-04-07 03:00:00,4876.7400931027805,7.104000000000001,112
2025-04-07 03:30:00,4907.141171277148,8.414,112
2025-04-07 04:00:00,5113.222284216101,5.2299999999999995,112
2025-04-07 04:30:00,5184.111392107958,8.8,112
2025-04-07 05:00:00,5384.317260954387,5.144,112
2025-04-07 05:30:00,5640.94833740096,4.612,112
2025-04-07 06:00:00,5877.503427890475,7.587999999999999,112
2025-04-07 06:30:00,6199.076214439585,6.286,112
2025-04-07 07:00:00,6555.757090529278,7.4159999999999995,112
2025-04-07 07:30:00,6902.461885594537,6.304,112
2025-04-07 08:00:00,7237.824107791306,5.348,112
2025-04-07 08:30:00,7445.952337074905,5.764,112
2025-04-07 09:00:00,7612.736165035683,5.702,112
2025-04-07 09:30:00,7574.062322143436,6.856,112
2025-04-07 10:00:00,7348.642171475027,8.629999999999999,112
2025-04-07 10:30:00,7174.310747472289,7.297999999999999,112
2025-04-07 11:00:00,6873.983397864786,8.25,112
2025-04-07 11:30:00,6589.028563666265,7.894,112
2025-04-07 12:00:00,6358.256581847661,7.556,112
2025-04-07 12:30:00,6118.757795630298,7.965999999999999,112
2025-04-07 13:00:00,5984.013699835361,8.488,112
2025-04-07 13:30:00,6003.596542727082,8.706,112
2025-04-07 14:00:00,6079.2119445642475,8.65,112
2025-04-07 14:30:00,6176.015127722767,8.22,112
2025-04-07 15:00:00,6334.167867037448,7.866,112
2025-04-07 15:30:00,6536.451037607725,8.796,112
2025-04-07 16:00:00,6607.998123836889,8.664,112
2025-04-07 16:30:00,6569.890496479429,9.544,112
2025-04-07 17:00:00,6607.425387243335,10.309999999999999,112
2025-04-07 17:30:00,6661.544203849873,10.036,112
2025-04-07 18:00:00,6569.444251284589,11.33,112
2025-04-07 18:30:00,6360.59793972105,10.344,112
2025-04-07 19:00:00,6202.128564718751,11.818000000000001,112
2025-04-07 19:30:00,6059.545907976608,9.9,112
2025-04-07 20:00:00,5767.2602376590385,11.268,112
2025-04-07 20:30:00,5464.287114535287,12.024000000000001,112
2025-04-07 21:00:00,5338.10704739372,10.138,112
2025-04-07 21:30:00,5134.916034241929,10.038,112
2025-04-07 22:00:00,5009.580680260189,10.532,112
2025-04-07 22:30:00,4859.395908610788,10.474,112
2025-04-07 23:00:00,4915.827234834938,7.242,112
2025-04-07 23:30:00,4795.467792232415,9.325999999999999,112
2025-04-08 00:00:00,4577.903685832596,9.842,112
2025-04-08 00:30:00,4478.329359508838,9.564,112
2025-04-08 01:00:00,4482.8740264448115,8.452000000000002,112
2025-04-08 01:30:00,4453.0475895548225,9.05,112
2025-04-08 02:00:00,4456.925282766111,9.402,112
2025-04-08 02:30:00,4443.555877406836,9.846,112
2025-04-08 03:00:00,4640.924213886035,7.537999999999999,112
2025-04-08 03:30:00,4723.2908603115575,7.634,112
2025-04-08 04:00:00,4817.711655298519,7.151999999999999,112
2025-04-08 04:30:00,4882.150719209752,7.641999999999999,112
2025-04-08 05:00:00,5065.364354567164,7.0,112
2025-04-08 05:30:00,5326.161767180254,6.136,112
2025-04-08 06:00:00,5566.382913819196,7.114,112
2025-04-08 06:30:00,5837.069158619019,7.6659999999999995,112
2025-04-08 07:00:00,6158.512012975112,6.8180000000000005,112
2025-04-08 07:30:00,6551.1691661449,5.994000000000001,112
2025-04-08 08:00:00,6826.637031910219,7.244,112
2025-04-08 08:30:00,7206.681055143406,5.901999999999999,112
2025-04-08 09:00:00,7393.142369801319,6.4719999999999995,112
2025-04-08 09:30:00,7419.172011424385,6.590000000000001,112
2025-04-08 10:00:00,7290.085508502176,8.314,112
2025-04-08 10:30:00,7201.60927241052,6.15,112
2025-04-08 11:00:00,6936.359885856207,6.998,112
2025-04-08 11:30:00,6665.225894597401,6.5840000000000005,112
2025-04-08 12:00:00,6483.9046391741285,5.824,112
2025-04-08 12:30:00,6220.588630547412,7.217999999999999,112
2025-04-08 13:00:00,5938.399803621485,8.73,112
2025-04-08 13:30:00,5837.511977012602,7.948,112
2025-04-08 14:00:00,5932.193260231334,7.498,112
2025-04-08 14:30:00,5972.206981999092,8.588,112
2025-04-08 15:00:00,6020.309992281233,9.026,112
2025-04-08 15:30:00,6210.624335563527,8.232,112
2025-04-08 16:00:00,6333.634756267986,9.1,112
2025-04-08 16:30:00,6411.242675425376,9.45,112
2025-04-08 17:00:00,6355.763260405523,11.214,112
2025-04-08 17:30:00,6343.298415628784,10.290000000000001,112
2025-04-08 18:00:00,6295.083338566501,10.658000000000001,112
2025-04-08 18:30:00,6188.4254159581305,9.832,112
2025-04-08 19:00:00,6042.528314332561,10.556000000000001,112
2025-04-08 19:30:00,5824.575332031811,11.268,112
2025-04-08 20:00:00,5650.32643781248,10.34,112
2025-04-08 20:30:00,5417.79851971407,10.228,112
2025-04-08 21:00:00,5246.986595629673,9.804,112
2025-04-08 21:30:00,5012.453607261725,12.036,112
2025-04-08 22:00:00,4831.556320193062,10.526,112
2025-04-08 22:30:00,4770.361104146719,9.51,112
2025-04-08 23:00:00,4696.339902417501,9.681999999999999,112
2025-04-08 23:30:00,4601.216312053939,10.959999999999999,112
2025-04-09 00:00:00,4524.768399343908,8.89,112
2025-04-09 00:30:00,4515.1834839907315,9.23,112
2025-04-09 01:00:00,4461.81434896907,9.74,112
2025-04-09 01:30:00,4467.825196866352,9.518,112
2025-04-09 02:00:00,4544.241476599402,7.948,112
2025-04-09 02:30:00,4595.119520839709,8.232,112
2025-04-09 03:00:00,4642.35536981662,8.244,112
2025-04-09 03:30:00,4675.7985002293935,8.462,112
2025-04-09 04:00:00,4838.622963386817,6.698,112
2025-04-09 04:30:00,4946.123124568363,7.386,112
2025-04-09 05:00:00,5080.724659306528,7.748,112
2025-04-09 05:30:00,5230.233020344516,7.58,112
2025-04-09 06:00:00,5525.666106127277,6.154,112
2025-04-09 06:30:00,5807.2344459989745,6.494,112
2025-04-09 07:00:00,6118.822948157032,7.38,112
2025-04-09 07:30:00,6565.410885924468,4.9159999999999995,112
2025-04-09 08:00:00,6851.383881915741,6.442,112
2025-04-09 08:30:00,7088.137443779395,7.728,112
2025-04-09 09:00:00,7307.668862773677,5.906,112
2025-04-09 09:30:00,7336.492550787718,7.6,112
2025-04-09 10:00:00,7312.65057101083,7.279999999999999,112
2025-04-09 10:30:00,7164.040914047584,7.093999999999999,112
2025-04-09 11:00:00,6944.066168987134,7.078,112
2025-04-09 11:30:00,6681.865894580584,7.312,112
2025-04-09 12:00:00,6360.007084581497,8.008,112
2025-04-09 12:30:00,6145.0234259219815,7.6259999999999994,112
2025-04-09 13:00:00,5947.633778076961,9.01,112
2025-04-09 13:30:00,5853.130512368058,7.959999999999999,112
2025-04-09 14:00:00,5848.113471723038,8.562000000000001,112
2025-04-09 14:30:00,5882.444127773095,9.994,112
2025-04-09 15:00:00,5973.818380653027,9.86,112
2025-04-09 15:30:00,6123.149090698416,9.86,112
2025-04-09 16:00:00,6250.357580519996,8.976,112
2025-04-09 16:30:00,6350.2068792431655,9.386,112
2025-04-09 17:00:00,6401.656072132046,9.809999999999999,112
2025-04-09 17:30:00,6368.6728897977955,9.958,112
2025-04-09 18:00:00,6275.3915349985655,9.66,112
2025-04-09 18:30:00,6178.8432038493975,10.01,112
2025-04-09 19:00:00,6044.379762225104,9.462,112
2025-04-09 19:30:00,5891.9692206117215,9.678,112
2025-04-09 20:00:00,5628.45570782886,10.224,112
2025-04-09 20:30:00,5451.1339858560295,12.216,112
2025-04-09 21:00:00,5253.321127205176,10.27,112
2025-04-09 21:30:00,5072.791654111032,9.612,112
2025-04-09 22:00:00,4843.174068189894,10.825999999999999,112
2025-04-09 22:30:00,4722.056911499691,9.553999999999998,112
2025-04-09 23:00:00,4696.720386516268,8.642,112
2025-04-09 23:30:00,4627.3924513980855,9.202000000000002,112
2025-04-10 00:00:00,4388.417673667229,10.825999999999999,112
2025-04-10 00:30:00,4407.860700084439,8.947999999999999,112
2025-04-10 01:00:00,4429.329719070734,8.396,112
2025-04-10 01:30:00,4386.997206794884,9.902,112
2025-04-10 02:00:00,4475.258613375487,9.352,112
2025-04-10 02:30:00,4595.594320349306,7.234,112
2025-04-10 03:00:00,4631.16409718312,8.238,112
2025-04-10 03:30:00,4669.345307106811,8.276,112
2025-04-10 04:00:00,4828.29115818685,7.192,112
2025-04-10 04:30:00,4991.893707131781,6.8740000000000006,112
2025-04-10 05:00:00,5139.82162643138,6.75,112
2025-04-10 05:30:00,5256.423553871224,8.11,112
2025-04-10 06:00:00,5589.64443716867,5.696,112
2025-04-10 06:30:00,5865.056801198838,5.58,112
2025-04-10 07:00:00,6164.160607256443,6.34,112
2025-04-10 07:30:00,6518.43049079141,5.818,112
2025-04-10 08:00:00,6750.068211324167,7.736,112
2025-04-10 08:30:00,7066.43869556587,6.122,112
2025-04-10 09:00:00,7237.564612003342,7.004,112
2025-04-10 09:30:00,7317.070118125559,6.758,112
2025-04-10 10:00:00,7273.1035924891785,5.62,112
2025-04-10 10:30:00,7146.552175262019,6.1899999999999995,112
2025-04-10 11:00:00,7095.243121755777,6.676,112
2025-04-10 11:30:00,6696.780019433068,7.764,112
2025-04-10 12:00:00,6365.54280051479,7.534000000000001,112
2025-04-10 12:30:00,6139.328163868415,7.715999999999999,112
2025-04-10 13:00:00,5936.796074146005,8.456,112
2025-04-10 13:30:00,5852.626313688721,8.514,112
2025-04-10 14:00:00,5845.212162932221,7.914,112
2025-04-10 14:30:00,5908.771968165391,9.044,112
2025-04-10 15:00:00,5975.896838805633,9.286,112
2025-04-10 15:30:00,6164.783190223745,7.616,112
2025-04-10 16:00:00,6194.466702921258,9.314,112
2025-04-10 16:30:00,6220.896957151957,11.196000000000002,112
2025-04-10 17:00:00,6252.946059205409,10.696000000000002,112
2025-04-10 17:30:00,6264.22149702706,9.916,112
2025-04-10 18:00:00,6212.370964319794,11.576,112
2025-04-10 18:30:00,6128.397640761546,11.034,112
2025-04-10 19:00:00,6053.379422825032,9.824000000000002,112
2025-04-10 19:30:00,5875.020571912977,9.687999999999999,112
2025-04-10 20:00:00,5615.014107227653,11.104,112
2025-04-10 20:30:00,5430.091238842368,10.57,112
2025-04-10 21:00:00,5284.940083881591,9.01,112
2025-04-10 21:30:00,5017.476908959463,11.058,112
2025-04-10 22:00:00,4780.00113303025,12.23,112
2025-04-10 22:30:00,4668.021523991858,9.954,112
2025-04-10 23:00:00,4613.564555503826,10.736,112
2025-04-10 23:30:00,4503.135355996021,10.504,112
2025-04-11 00:00:00,4407.8455145851385,10.332,112
2025-04-11 00:30:00,4415.763761024258,8.422,112
2025-04-11 01:00:00,4425.368211887078,8.502,112
2025-04-11 01:30:00,4427.174642102393,10.074,112
2025-04-11 02:00:00,4524.333922329744,8.53,112
2025-04-11 02:30:00,4523.86091806456,8.684,112
2025-04-11 03:00:00,4567.382120909917,8.136,112
2025-04-11 03:30:00,4617.625459275645,9.586,112
2025-04-11 04:00:00,4729.413453404759,8.4,112
2025-04-11 04:30:00,4819.4459478839835,7.925999999999999,112
2025-04-11 05:00:00,5013.213890768313,7.034000000000001,112
2025-04-11 05:30:00,5169.424842731974,8.078,112
2025-04-11 06:00:00,5528.362937496082,5.928,112
2025-04-11 06:30:00,5790.71504346383,6.896000000000001,112
2025-04-11 07:00:00,6145.8400770097105,6.596000000000001,112
2025-04-11 07:30:00,6592.858306290334,4.86,112
2025-04-11 08:00:00,6931.09926789334,5.09,112
2025-04-11 08:30:00,7141.837400297283,5.8100000000000005,112
2025-04-11 09:00:00,7319.916549546842,5.412000000000001,112
2025-04-11 09:30:00,7291.5681408367545,7.31,112
2025-04-11 10:00:00,7260.142732305132,6.4079999999999995,112
2025-04-11 10:30:00,7130.300361903555,6.598000000000001,112
2025-04-11 11:00:00,6971.737376493547,5.0120000000000005,112
2025-04-11 11:30:00,6697.9841759422,6.328,112
2025-04-11 12:00:00,6387.99892843433,6.806,112
2025-04-11 12:30:00,6141.006060274089,7.7379999999999995,112
2025-04-11 13:00:00,5929.393358834557,7.773999999999999,112
2025-04-11 13:30:00,5769.511676111684,8.690000000000001,112
2025-04-11 14:00:00,5778.864433832427,8.706,112
2025-04-11 14:30:00,5903.054224172249,7.4,112
2025-04-11 15:00:00,5953.739556466509,9.052000000000001,112
2025-04-11 15:30:00,6013.804832394899,9.84,112
2025-04-11 16:00:00,6132.2830985711225,9.97,112
2025-04-11 16:30:00,6279.54214507679,8.402,112
2025-04-11 17:00:00,6331.362228002317,9.148,112
2025-04-11 17:30:00,6278.000061351373,10.57,112
2025-04-11 18:00:00,6271.694127596109,8.152000000000001,112
2025-04-11 18:30:00,6149.134906587633,9.709999999999999,112
2025-04-11 19:00:00,6000.915653278253,9.298,112
2025-04-11 19:30:00,5780.783554125752,10.98,112
2025-04-11 20:00:00,5526.813077401375,11.212,112
2025-04-11 20:30:00,5310.409952204187,11.252,112
2025-04-11 21:00:00,5191.989610490757,10.472,112
2025-04-11 21:30:00,5031.651377071048,9.776,112
2025-04-11 22:00:00,4799.03583543073,11.026,112
2025-04-11 22:30:00,4649.225410680116,11.238,112
2025-04-11 23:00:00,4618.209465561329,9.522,112
2025-04-11 23:30:00,4561.027289474872,9.37,112
2025-04-12 00:00:00,3904.6559387273355,8.654,112
2025-04-12 00:30:00,3424.3380095491984,9.606,112
2025-04-12 01:00:00,3276.880436307376,9.196,112
2025-04-12 01:30:00,3223.870165235623,9.366,112
2025-04-12 02:00:00,3200.2982023093564,9.924,112
2025-04-12 02:30:00,3290.8526588818895,8.136,112
2025-04-12 03:00:00,3351.450187048249,9.104,112
2025-04-12 03:30:00,3350.1215196657395,8.440000000000001,112
2025-04-12 04:00:00,3446.679349269726,7.956,112
2025-04-12 04:30:00,3617.107636526983,7.428,112
2025-04-12 05:00:00,3718.6491897660326,8.07,112
2025-04-12 05:30:00,3875.523158197382,6.6240000000000006,112
2025-04-12 06:00:00,4133.301178307314,5.992,112
2025-04-12 06:30:00,4316.184209671288,7.965999999999999,112
2025-04-12 07:00:00,4578.541120193884,7.712000000000001,112
2025-04-12 07:30:00,4918.342939948108,7.6579999999999995,112
2025-04-12 08:00:00,5277.933064132969,6.372,112
2025-04-12 08:30:00,5484.827981865892,7.909999999999999,112
2025-04-12 09:00:00,5682.638618830057,6.208,112
2025-04-12 09:30:00,5764.951606842978,5.628,112
2025-04-12 10:00:00,5765.566573573964,5.258,112
2025-04-12 10:30:00,5630.897174052694,5.196,112
2025-04-12 11:00:00,5460.875695483937,5.928,112
2025-04-12 11:30:00,5110.313000906899,9.182,112
2025-04-12 12:00:00,4922.642915873414,7.872,112
2025-04-12 12:30:00,4757.8662228490175,8.065999999999999,112
2025-04-12 13:00:00,4599.642977304198,8.193999999999999,112
2025-04-12 13:30:00,4489.901965542569,8.86,112
2025-04-12 14:00:00,4512.410226718019,7.4799999999999995,112
2025-04-12 14:30:00,4601.952436172309,7.758,112
2025-04-12 15:00:00,4538.3911281992005,10.962,112
2025-04-12 15:30:00,4688.595801676667,8.709999999999999,112
2025-04-12 16:00:00,4712.482901523834,10.612,112
2025-04-12 16:30:00,4860.160847479154,8.962,112
2025-04-12 17:00:00,4914.878521649403,9.992,112
2025-04-12 17:30:00,4928.376349688748,9.528,112
2025-04-12 18:00:00,4843.912331212168,10.452,112
2025-04-12 18:30:00,4727.216103353099,10.425999999999998,112
2025-04-12 19:00:00,4587.734615358226,11.702,112
2025-04-12 19:30:00,4456.987795065284,11.098,112
2025-04-12 20:00:00,4303.444106433813,11.388,112
2025-04-12 20:30:00,4126.0928269350625,11.272,112
2025-04-12 21:00:00,3961.060890288143,11.908,112
2025-04-12 21:30:00,3880.055799703143,9.42,112
2025-04-12 22:00:00,3669.058679293974,11.142,112
2025-04-12 22:30:00,3608.6231267594403,10.132,112
2025-04-12 23:00:00,3537.404704222099,11.376000000000001,112
2025-04-12 23:30:00,3489.3445918999532,11.424,112
2025-04-13 00:00:00,3323.0060033344807,9.682,112
2025-04-13 00:30:00,3111.9962070227293,11.484,112
2025-04-13 01:00:00,3250.3884229108926,8.34,112
2025-04-13 01:30:00,3271.8137306519147,8.638,112
2025-04-13 02:00:00,3294.559107442422,8.922,112
2025-04-13 02:30:00,3363.817378002809,6.612,112
2025-04-13 03:00:00,3349.5760241146872,8.278,112
2025-04-13 03:30:00,3416.8129919558087,7.973999999999999,112
2025-04-13 04:00:00,3490.9029049491155,8.398,112
2025-04-13 04:30:00,3638.7070669406967,7.0280000000000005,112
2025-04-13 05:00:00,3712.2474632266185,8.052000000000001,112
2025-04-13 05:30:00,3980.700373698566,5.497999999999999,112
2025-04-13 06:00:00,4099.41161233162,8.018,112
2025-04-13 06:30:00,4376.53908952384,6.218,112
2025-04-13 07:00:00,4614.906574489396,7.252,112
2025-04-13 07:30:00,4862.021130155234,7.5680000000000005,112
2025-04-13 08:00:00,5157.991468403639,7.702,112
2025-04-13 08:30:00,5418.483776873003,5.982,112
2025-04-13 09:00:00,5492.878968881081,7.552,112
2025-04-13 09:30:00,5635.106641347029,5.148000000000001,112
2025-04-13 10:00:00,5572.200540711279,6.319999999999999,112
2025-04-13 10:30:00,5471.659781870236,6.5,112
2025-04-13 11:00:00,5260.325663448451,7.616,112
2025-04-13 11:30:00,5050.793489258775,7.168000000000001,112
2025-04-13 12:00:00,4775.780658433101,8.572,112
2025-04-13 12:30:00,4611.877826323191,6.970000000000001,112
2025-04-13 13:00:00,4473.776918958987,7.703999999999999,112
2025-04-13 13:30:00,4372.601683893392,8.116,112
2025-04-13 14:00:00,4356.74499395408,8.26,112
2025-04-13 14:30:00,4409.951649644096,8.722,112
2025-04-13 15:00:00,4538.923053668808,8.608,112
2025-04-13 15:30:00,4599.395646947509,9.68,112
2025-04-13 16:00:00,4604.46146953051,9.854000000000001,112
2025-04-13 16:30:00,4670.993740666352,9.780000000000001,112
2025-04-13 17:00:00,4739.422115910393,9.03,112
2025-04-13 17:30:00,4756.755851263853,9.494,112
2025-04-13 18:00:00,4671.740776509996,10.814,112
2025-04-13 18:30:00,4571.500615634239,9.676,112
2025-04-13 19:00:00,4441.2248590121835,10.144,112
2025-04-13 19:30:00,4249.256560056279,10.464,112
2025-04-13 20:00:00,4105.302192053356,10.758,112
2025-04-13 20:30:00,3957.8795854723685,11.668000000000001,112
2025-04-13 21:00:00,3821.862735444349,10.14,112
2025-04-13 21:30:00,3690.5587573920584,10.224,112
2025-04-13 22:00:00,3607.8855874407855,9.556000000000001,112
2025-04-13 22:30:00,3515.108532146094,10.106,112
2025-04-13 23:00:00,3412.253229860251,10.908,112
2025-04-13 23:30:00,3390.8584236218885,9.538,112
2025-04-14 00:00:00,3986.184015246976,9.370000000000001,112
2025-04-14 00:30:00,4296.126496532661,10.059999999999999,112
2025-04-14 01:00:00,4524.228914486053,9.326,112
2025-04-14 01:30:00,4526.159547011763,9.623999999999999,112
2025-04-14 02:00:00,4597.631669477369,8.054,112
2025-04-14 02:30:00,4602.350494185588,9.404,112
2025-04-14 03:00:00,4698.933891405462,7.316,112
2025-04-14 03:30:00,4685.131814232816,9.134,112
2025-04-14 04:00:00,4841.489838850006,8.164,112
2025-04-14 04:30:00,4948.615287191396,7.926,112
2025-04-14 05:00:00,5153.588349720543,6.586,112
2025-04-14 05:30:00,5364.271249767415,7.1739999999999995,112
2025-04-14 06:00:00,5565.406625662858,7.566,112
2025-04-14 06:30:00,5873.353448605481,6.465999999999999,112
2025-04-14 07:00:00,6219.08601960417,5.87,112
2025-04-14 07:30:00,6516.10716624877,6.766,112
2025-04-14 08:00:00,6835.086359943296,6.564,112
2025-04-14 08:30:00,7129.092599750074,5.01,112
2025-04-14 09:00:00,7331.311021367554,4.872,112
2025-04-14 09:30:00,7327.66914472001,6.3260000000000005,112
2025-04-14 10:00:00,7173.242117186846,6.7780000000000005,112
2025-04-14 10:30:00,6975.6794880152665,7.768000000000001,112
2025-04-14 11:00:00,6753.724388126371,6.859999999999999,112
2025-04-14 11:30:00,6473.18757523678,7.542,112
2025-04-14 12:00:00,6212.351298291194,8.024,112
2025-04-14 12:30:00,5964.137383298315,8.276,112
2025-04-14 13:00:00,5817.531435207415,7.676,112
2025-04-14 13:30:00,5743.135221563878,8.496,112
2025-04-14 14:00:00,5772.514914274243,8.218,112
2025-04-14 14:30:00,5828.455825043733,8.534,112
2025-04-14 15:00:00,5960.4804817283875,8.17,112
2025-04-14 15:30:00,6081.222881616672,9.366,112
2025-04-14 16:00:00,6137.576735512928,10.07,112
2025-04-14 16:30:00,6103.890424914338,10.93,112
2025-04-14 17:00:00,6145.498123195997,10.187999999999999,112
2025-04-14 17:30:00,6176.49282276958,10.54,112
2025-04-14 18:00:00,6162.0544736141055,9.553999999999998,112
2025-04-14 18:30:00,6015.62212246026,9.808,112
2025-04-14 19:00:00,5808.584341664971,11.446,112
2025-04-14 19:30:00,5693.123337863817,10.014,112
2025-04-14 20:00:00,5453.258456831574,10.608,112
2025-04-14 20:30:00,5207.862931919639,9.959999999999999,112
2025-04-14 21:00:00,5027.081232458933,10.492,112
2025-04-14 21:30:00,4814.422113099443,11.154,112
2025-04-14 22:00:00,4728.787823458673,9.406,112
2025-04-14 22:30:00,4574.213467080548,10.248000000000001,112
2025-04-14 23:00:00,4491.290454429336,11.952000000000002,112
2025-04-14 23:30:00,4449.600755642419,10.258,112
